"1598592414-181","https://account.surfshark.com/setup/manual","us-ltm.prod.surfshark.com"
"1598592414-195","https://account.surfshark.com/setup/manual","us-hou.prod.surfshark.com"
"1598592414-202","https://account.surfshark.com/setup/manual","au-syd.prod.surfshark.com"
"1598592414-176","https://account.surfshark.com/setup/manual","us-den.prod.surfshark.com"
"1598592414-129","https://account.surfshark.com/setup/manual","de-ber.prod.surfshark.com"
"1598592414-149","https://account.surfshark.com/setup/manual","ru-mos.prod.surfshark.com"
"1598592414-220","https://account.surfshark.com/setup/manual","ly-tip.prod.surfshark.com"
"1598592414-209","https://account.surfshark.com/setup/manual","jp-tok.prod.surfshark.com"
"1598592414-146","https://account.surfshark.com/setup/manual","pt-lis.prod.surfshark.com"
"1598592414-206","https://account.surfshark.com/setup/manual","in-idr.prod.surfshark.com"
"1598592414-216","https://account.surfshark.com/setup/manual","tw-tai.prod.surfshark.com"
"1598592414-204","https://account.surfshark.com/setup/manual","hk-hkg.prod.surfshark.com"
"1598592414-173","https://account.surfshark.com/setup/manual","py-asu.prod.surfshark.com"
"1598592414-197","https://account.surfshark.com/setup/manual","us-orl.prod.surfshark.com"
"1598592414-205","https://account.surfshark.com/setup/manual","in-chn.prod.surfshark.com"
"1598592414-158","https://account.surfshark.com/setup/manual","ch-zur.prod.surfshark.com"
"1598592414-140","https://account.surfshark.com/setup/manual","nl-ams.prod.surfshark.com"
"1598592414-210","https://account.surfshark.com/setup/manual","kz-ura.prod.surfshark.com"
"1598592414-131","https://account.surfshark.com/setup/manual","gr-ath.prod.surfshark.com"
"1598592414-161","https://account.surfshark.com/setup/manual","uk-gla.prod.surfshark.com"
"1598592414-194","https://account.surfshark.com/setup/manual","us-mia.prod.surfshark.com"
"1598592414-114","https://account.surfshark.com/setup/manual","at-vie.prod.surfshark.com"
"1598592414-147","https://account.surfshark.com/setup/manual","pt-lou.prod.surfshark.com"
"1598592414-119","https://account.surfshark.com/setup/manual","cy-nic.prod.surfshark.com"
"1598592414-130","https://account.surfshark.com/setup/manual","de-fra.prod.surfshark.com"
"1598592414-222","https://account.surfshark.com/setup/manual","za-jnb.prod.surfshark.com"
"1598592414-170","https://account.surfshark.com/setup/manual","co-bog.prod.surfshark.com"
"1598592414-162","https://account.surfshark.com/setup/manual","uk-lon.prod.surfshark.com"
"1598592414-157","https://account.surfshark.com/setup/manual","se-sto.prod.surfshark.com"
"1598592414-167","https://account.surfshark.com/setup/manual","ca-mon.prod.surfshark.com"
"1598592414-142","https://account.surfshark.com/setup/manual","no-osl.prod.surfshark.com"
"1598592414-221","https://account.surfshark.com/setup/manual","ng-lag.prod.surfshark.com"
"1598592414-196","https://account.surfshark.com/setup/manual","us-atl.prod.surfshark.com"
"1598592414-151","https://account.surfshark.com/setup/manual","rs-beg.prod.surfshark.com"
"1598592414-182","https://account.surfshark.com/setup/manual","us-dal.prod.surfshark.com"
"1598592414-215","https://account.surfshark.com/setup/manual","kr-seo.prod.surfshark.com"
"1598592414-137","https://account.surfshark.com/setup/manual","lv-rig.prod.surfshark.com"
"1598592414-124","https://account.surfshark.com/setup/manual","fr-mrs.prod.surfshark.com"
"1598592414-185","https://account.surfshark.com/setup/manual","us-stl.prod.surfshark.com"
"1598592414-178","https://account.surfshark.com/setup/manual","us-slc.prod.surfshark.com"
"1598592414-141","https://account.surfshark.com/setup/manual","mk-skp.prod.surfshark.com"
"1598592414-118","https://account.surfshark.com/setup/manual","hr-zag.prod.surfshark.com"
"1598592414-163","https://account.surfshark.com/setup/manual","uk-man.prod.surfshark.com"
"1598592414-224","https://account.surfshark.com/setup/manual","ae-dub.prod.surfshark.com"
"1598592414-203","https://account.surfshark.com/setup/manual","az-bak.prod.surfshark.com"
"1598592414-133","https://account.surfshark.com/setup/manual","is-rkv.prod.surfshark.com"
"1598592414-127","https://account.surfshark.com/setup/manual","de-nue.prod.surfshark.com"
"1598592414-180","https://account.surfshark.com/setup/manual","us-lax.prod.surfshark.com"
"1598592414-211","https://account.surfshark.com/setup/manual","my-kul.prod.surfshark.com"
"1598592414-217","https://account.surfshark.com/setup/manual","th-bkk.prod.surfshark.com"
"1598592414-113","https://account.surfshark.com/setup/manual","al-tia.prod.surfshark.com"
"1598592414-218","https://account.surfshark.com/setup/manual","vn-hcm.prod.surfshark.com"
"1598592414-179","https://account.surfshark.com/setup/manual","us-las.prod.surfshark.com"
"1598592414-139","https://account.surfshark.com/setup/manual","md-chi.prod.surfshark.com"
"1598592414-184","https://account.surfshark.com/setup/manual","us-kan.prod.surfshark.com"
"1598592414-153","https://account.surfshark.com/setup/manual","si-lju.prod.surfshark.com"
"1598592414-138","https://account.surfshark.com/setup/manual","lu-ste.prod.surfshark.com"
"1598592414-183","https://account.surfshark.com/setup/manual","us-bos.prod.surfshark.com"
"1598592414-115","https://account.surfshark.com/setup/manual","be-bru.prod.surfshark.com"
"1598592414-135","https://account.surfshark.com/setup/manual","it-mil.prod.surfshark.com"
"1598592414-165","https://account.surfshark.com/setup/manual","br-sao.prod.surfshark.com"
"1598592414-126","https://account.surfshark.com/setup/manual","fr-bod.prod.surfshark.com"
"1598592414-148","https://account.surfshark.com/setup/manual","ro-buc.prod.surfshark.com"
"1598592414-171","https://account.surfshark.com/setup/manual","cr-sjn.prod.surfshark.com"
"1598592414-160","https://account.surfshark.com/setup/manual","ua-iev.prod.surfshark.com"
"1598592414-177","https://account.surfshark.com/setup/manual","us-phx.prod.surfshark.com"
"1598592414-191","https://account.surfshark.com/setup/manual","us-buf.prod.surfshark.com"
"1598592414-144","https://account.surfshark.com/setup/manual","pl-gdn.prod.surfshark.com"
"1598592414-164","https://account.surfshark.com/setup/manual","ar-bua.prod.surfshark.com"
"1598592414-166","https://account.surfshark.com/setup/manual","ca-van.prod.surfshark.com"
"1598592414-121","https://account.surfshark.com/setup/manual","dk-cph.prod.surfshark.com"
"1598592414-174","https://account.surfshark.com/setup/manual","us-sea.prod.surfshark.com"
"1598592414-199","https://account.surfshark.com/setup/manual","au-adl.prod.surfshark.com"
"1598592414-223","https://account.surfshark.com/setup/manual","tr-bur.prod.surfshark.com"
"1598592414-200","https://account.surfshark.com/setup/manual","au-bne.prod.surfshark.com"
"1598592414-214","https://account.surfshark.com/setup/manual","sg-sng.prod.surfshark.com"
"1598592414-193","https://account.surfshark.com/setup/manual","us-mnz.prod.surfshark.com"
"1598592414-117","https://account.surfshark.com/setup/manual","bg-sof.prod.surfshark.com"
"1598592414-189","https://account.surfshark.com/setup/manual","us-tpa.prod.surfshark.com"
"1598592414-122","https://account.surfshark.com/setup/manual","ee-tll.prod.surfshark.com"
"1598592414-125","https://account.surfshark.com/setup/manual","fr-par.prod.surfshark.com"
"1598592414-172","https://account.surfshark.com/setup/manual","mx-mex.prod.surfshark.com"
"1598592414-120","https://account.surfshark.com/setup/manual","cz-prg.prod.surfshark.com"
"1598592414-159","https://account.surfshark.com/setup/manual","tr-ist.prod.surfshark.com"
"1598592414-188","https://account.surfshark.com/setup/manual","us-dtw.prod.surfshark.com"
"1598592414-198","https://account.surfshark.com/setup/manual","au-per.prod.surfshark.com"
"1598592414-201","https://account.surfshark.com/setup/manual","au-mel.prod.surfshark.com"
"1598592414-150","https://account.surfshark.com/setup/manual","ru-spt.prod.surfshark.com"
"1598592414-175","https://account.surfshark.com/setup/manual","us-bdn.prod.surfshark.com"
"1598592414-168","https://account.surfshark.com/setup/manual","ca-tor.prod.surfshark.com"
"1598592414-212","https://account.surfshark.com/setup/manual","nz-akl.prod.surfshark.com"
"1598592414-134","https://account.surfshark.com/setup/manual","ie-dub.prod.surfshark.com"
"1598592414-152","https://account.surfshark.com/setup/manual","sk-bts.prod.surfshark.com"
"1598592414-155","https://account.surfshark.com/setup/manual","es-mad.prod.surfshark.com"
"1598592414-143","https://account.surfshark.com/setup/manual","pl-waw.prod.surfshark.com"
"1598592414-213","https://account.surfshark.com/setup/manual","ph-mnl.prod.surfshark.com"
"1598592414-219","https://account.surfshark.com/setup/manual","il-tlv.prod.surfshark.com"
"1598592414-154","https://account.surfshark.com/setup/manual","es-vlc.prod.surfshark.com"
"1598592414-190","https://account.surfshark.com/setup/manual","us-nyc.prod.surfshark.com"
"1598592414-123","https://account.surfshark.com/setup/manual","fi-hel.prod.surfshark.com"
"1598592414-208","https://account.surfshark.com/setup/manual","id-jak.prod.surfshark.com"
"1598592414-145","https://account.surfshark.com/setup/manual","pt-opo.prod.surfshark.com"
"1598592414-116","https://account.surfshark.com/setup/manual","ba-sjj.prod.surfshark.com"
"1598592414-169","https://account.surfshark.com/setup/manual","cl-san.prod.surfshark.com"
"1598592414-136","https://account.surfshark.com/setup/manual","it-rom.prod.surfshark.com"
"1598592414-207","https://account.surfshark.com/setup/manual","in-mum.prod.surfshark.com"
"1598592414-187","https://account.surfshark.com/setup/manual","us-sfo.prod.surfshark.com"
"1598592414-192","https://account.surfshark.com/setup/manual","us-clt.prod.surfshark.com"
"1598592414-186","https://account.surfshark.com/setup/manual","us-chi.prod.surfshark.com"
"1598592414-132","https://account.surfshark.com/setup/manual","hu-bud.prod.surfshark.com"
"1598592414-156","https://account.surfshark.com/setup/manual","es-bcn.prod.surfshark.com"
"1598592414-128","https://account.surfshark.com/setup/manual","de-muc.prod.surfshark.com"
